# hrfinance|실적 비교·보고 지표
YoY|Year over Year|YOY;Y/Y;전년 동기 대비;전년대비;와이오와이|실적을 전년의 같은 기간과 비교하는 기준. 월·분기·연간 등 비교 기간과 집계 범위를 맞춘다.|9월 매출은 YoY로 증가했지만 전년의 일회성 매출도 함께 확인해요.|cov-ir
MoM|Month over Month|MOM;M/M;전월 대비;전월비;엠오엠|이번 달 수치를 직전 달과 비교하는 기준. 월 누계와 한 달 전체 실적을 섞어 비교하지 않도록 한다.|인건비가 MoM으로 늘어난 원인을 입사자 증가와 상여 지급으로 나눠요.|
QoQ|Quarter over Quarter|QOQ;Q/Q;전분기 대비;전분기비|이번 분기 실적을 바로 앞 분기와 비교하는 기준.|영업이익의 QoQ 감소가 계절성 때문인지 비용 증가 때문인지 분석해요.|cov-ir
WoW|Week over Week|WOW;W/W;전주 대비;전주비|이번 주 수치를 직전 주와 비교하는 기준. 주 시작일과 집계 일수를 맞춘다.|채용 지원자 수를 WoW로 비교할 때 공고 운영 일수도 확인해요.|
YTD|Year to Date|연초 누계;연간 누계;연누계;와이티디|회계연도 시작부터 기준일까지 누적한 실적. 회계연도가 달력연도와 다르면 시작 월도 달라진다.|9월 YTD 비용을 같은 기간 예산 누계와 비교해요.|cov-period
MTD|Month to Date|월초 누계;월 누계;월누계|해당 월의 시작일부터 기준일까지 누적한 실적.|15일 기준 MTD 매출을 월 전체 목표와 구분해 보고해요.|cov-period
QTD|Quarter to Date|분기 누계;분기누계|해당 분기의 시작일부터 기준일까지 누적한 실적.|2분기 QTD 현금 유입을 주간 자금회의에 올려요.|cov-period
FY|Fiscal Year|회계연도;에프와이|재무 보고와 예산 편성의 기준이 되는 1년. 회사에 따라 달력상의 1월부터 12월과 다를 수 있다.|FY27 예산의 시작 월과 종료 월을 해외 법인과 맞춰요.|
CY|Calendar Year|역년;달력연도|1월 1일부터 12월 31일까지의 달력 기준 연도.|CY 기준 통계와 회사 회계연도 기준 매출을 구분해요.|
TTM|Trailing Twelve Months|LTM;Last Twelve Months;최근 12개월|특정 기준일부터 거슬러 올라간 최근 12개월의 실적을 묶어 보는 방식.|분기 말 기준 TTM 매출로 최근 사업 규모를 비교해요.|
CAGR|Compound Annual Growth Rate|연평균 성장률;연평균 복합성장률|시작값과 종료값 사이의 성장을 매년 동일한 복리 성장률로 환산한 값. 단순 연도별 성장률 평균과 다르다.|3년 매출 CAGR을 계산할 때 시작·종료 연도와 기간 수를 맞춰요.|
퍼센트포인트|Percentage Point|%p;pp;퍼센트 포인트;프로센트포인트|두 비율의 차이를 나타내는 단위. 10%에서 12%로 바뀌면 2퍼센트포인트 상승이다.|영업이익률이 2%p 개선됐다고 쓰고 2% 증가와 구분해요.|
bp|Basis Point|bps;베이시스 포인트;베이시스포인트|금리·수익률 등의 차이를 나타내는 단위로 1bp는 0.01퍼센트포인트다.|차입 금리가 25bp 오르면 이자비용이 얼마나 늘어나는지 계산해요.|
기저효과|Base Effect||비교 기준 기간의 수치가 유난히 높거나 낮아서 증가율이 크게 달라 보이는 현상.|작년 비용 환입의 기저효과를 빼고 올해 비용 추이를 설명해요.|
계절성|Seasonality||특정 계절이나 시기에 반복적으로 나타나는 실적 변동 특성.|성과급 지급 시기의 계절성을 감안해 월별 인건비를 비교해요.|cov-forecast
런레이트|Run Rate|런 레이트;연환산|최근 실적 흐름이 계속된다고 가정해 연간 등 일정 기간의 규모로 환산한 수치.|최근 월매출 런레이트는 계절성이 반영된 확정 전망과 따로 표시해요.|
실적|Actual|Actuals;ACT;액추얼|계획이나 전망에 대비되는 실제 발생·집계 수치. 결산 전 잠정 실적과 확정 실적을 구분한다.|예산 파일에 전망 대신 결산 확정 실적을 반영해요.|
포캐스트|Forecast|FCST;FCT;포어캐스트;실적 전망|현재 정보와 가정을 바탕으로 앞으로의 매출·비용·이익 등을 추정하는 것.|수주 일정이 늦어져 다음 분기 매출 포캐스트를 낮췄어요.|cov-fpa
차이 분석|Variance Analysis|베리언스 분석;증감 분석;Variance;VAR|실적과 예산·전망·과거 실적의 차이를 원인별로 설명하는 분석.|인건비 차이 분석을 인원 수와 평균 급여 변화로 나눠요.|cov-variance
브리지 분석|Bridge Analysis|워터폴 분석;손익 브리지|시작 수치에서 최종 수치로 달라진 과정을 가격·물량·비용 등 요인별 증감으로 연결하는 분석.|전년 영업이익에서 올해 영업이익까지의 변화를 브리지로 보여줘요.|
# hrfinance|재무 성과·투자 지표
CF|Cash Flow|C/F;현금흐름;현금 흐름;캐시플로;캐시플로우;씨에프|기업으로 현금이 들어오거나 나가는 흐름. 회계상 이익과 실제 현금 유입·유출은 시점과 금액이 다를 수 있다.|손익은 흑자여도 수금이 늦으면 CF가 부족할 수 있어요.|cov-cashflow
EBIT|Earnings Before Interest and Taxes|이자 및 세전이익;이자 세전 이익|이자와 법인세를 차감하기 전 이익 지표. 회계상 영업이익과 항상 같은 값인 것은 아니다.|투자안 비교에 쓰는 EBIT의 조정 항목을 별도로 밝혀요.|cov-nongaap
조정 EBITDA|Adjusted EBITDA|Adjusted EBITDA;조정 상각전이익|EBITDA에서 회사가 정한 특정 항목을 더하거나 빼서 제시하는 지표. 조정 기준과 원래 수치의 연결을 확인해야 한다.|일회성 비용을 제외한 조정 EBITDA와 제외 항목을 함께 보고해요.|cov-nongaap
매출총이익률|Gross Margin|GPM;Gross Profit Margin;GP율;매총률|매출액에서 매출원가를 뺀 매출총이익이 매출액에서 차지하는 비율.|제품별 매출총이익률을 비교해 원가 상승의 영향을 확인해요.|
영업이익률|Operating Margin|OPM;OP율|영업이익을 매출액으로 나눈 비율.|외주비 증가로 영업이익률이 얼마나 낮아졌는지 설명해요.|
순이익률|Net Profit Margin|NPM;당기순이익률|당기순이익이 매출액에서 차지하는 비율.|영업이익률과 순이익률의 차이를 금융비용과 법인세로 나눠 봐요.|
ROE|Return on Equity|자기자본이익률|자기자본 대비 순이익의 비율. 보통 평균 자기자본을 분모로 쓰며 기간과 산정 기준을 확인한다.|ROE 변동이 이익 증가 때문인지 자기자본 감소 때문인지 살펴요.|
ROA|Return on Assets|총자산이익률|총자산을 활용해 어느 정도의 이익을 냈는지 보는 비율. 이익과 평균 자산의 범위를 명시한다.|새 설비 투자 이후 ROA가 낮아진 원인을 검토해요.|
ROIC|Return on Invested Capital|투하자본이익률|영업에 투입한 자본 대비 세후 영업이익 등의 수익성을 보는 지표. 투하자본의 계산 범위를 일관되게 적용한다.|사업부 ROIC를 자본비용과 비교해 투자 효율을 검토해요.|
EPS|Earnings per Share|주당순이익;이피에스|보통주 한 주에 귀속되는 이익. 기본 EPS는 보통주 귀속 이익과 가중평균 유통주식 수 등을 기준으로 산정한다.|실적 자료의 EPS와 이익·주식 수 변동을 함께 확인해요.|cov-sec
희석 EPS|Diluted Earnings per Share|Diluted EPS;희석주당순이익|주식으로 전환될 수 있는 증권 등의 희석 효과를 반영한 주당이익.|스톡옵션의 영향이 포함된 희석 EPS를 기본 EPS와 비교해요.|cov-sec
DPS|Dividend per Share|주당배당금|주식 한 주에 대해 지급하는 배당금.|배당 계획의 DPS를 발행 주식 수와 대조해 총 지급액을 확인해요.|
배당성향|Dividend Payout Ratio||이익 중 배당으로 지급하는 비율. 적용 이익과 배당의 범위를 맞춰 산정한다.|연결 순이익 기준인지 별도 순이익 기준인지 확인한 뒤 배당성향을 비교해요.|
EV|Enterprise Value|기업가치;엔터프라이즈 밸류|기업의 사업 전체 가치를 평가할 때 쓰는 값. 상장사에서는 시가총액에 순차입금 등을 조정해 계산하기도 한다.|EV를 지분가치로 환산하면서 현금과 차입금의 처리 기준을 맞춰요.|
DCF|Discounted Cash Flow|현금흐름할인법;현금흐름 할인법|미래 현금흐름을 적절한 할인율로 현재 가치로 바꾸어 사업이나 자산의 가치를 추정하는 방법.|DCF 모델에서 성장률과 할인율을 바꾸며 가치 변화를 확인해요.|
NPV|Net Present Value|순현재가치|예상되는 현금 유입·유출의 현재 가치를 합산한 값.|설비 투자안의 NPV에 초기 투자비와 유지 비용을 함께 반영해요.|
IRR|Internal Rate of Return|내부수익률|투자 현금흐름의 순현재가치를 0으로 만드는 할인율. 현금흐름 형태에 따라 해가 여러 개이거나 없을 수 있다.|IRR뿐 아니라 투자 규모와 회수 시점도 함께 보고해요.|
WACC|Weighted Average Cost of Capital|가중평균자본비용|자기자본과 타인자본의 비용을 자본 구성에 따라 가중해 산정한 자본비용.|가치평가 모델의 현금흐름 기준과 WACC 기준을 일치시켜요.|
회수기간|Payback Period|투자 회수기간|투자한 자금을 이후 현금 유입으로 회수하는 데 걸리는 기간.|회수기간이 짧아도 이후 유지 비용이 큰 투자안인지 확인해요.|
민감도 분석|Sensitivity Analysis||주요 가정을 바꾸었을 때 결과가 얼마나 달라지는지 확인하는 분석.|환율과 매출 성장률에 따른 이익의 민감도 분석을 준비해요.|cov-fpa
# hrfinance|자금·채권 운영
매입채무회전일수|Days Payable Outstanding|DPO|매입채무를 지급하기까지 걸리는 평균 기간을 일수로 나타낸 지표. 매입액 등 계산 기준을 확인한다.|DPO가 줄면서 운전자금 부담이 늘었는지 확인해요.|cov-working
재고자산회전일수|Days Inventory Outstanding|DIO;DIH;재고 회전일수|재고가 판매·사용되기까지 머무는 평균 기간을 나타내는 지표.|DIO가 길어진 품목은 재고 소진 계획을 따로 세워요.|cov-working
현금전환주기|Cash Conversion Cycle|CCC;현금 전환 주기|재고와 매출채권에 자금이 묶이는 기간에서 매입채무 지급 유예 기간을 뺀 운전자금 회전 지표.|DIO와 DSO를 더하고 DPO를 빼서 CCC 추이를 확인해요.|cov-working
순운전자본|Net Working Capital|NWC|유동자산에서 유동부채를 뺀 금액. 기업가치 분석에서는 현금·차입금 등을 제외한 영업 순운전자본을 쓰기도 한다.|계약서의 NWC 조정 대상 계정을 먼저 합의해요.|
현금 잔고|Cash Balance|캐시 밸런스;현금잔액|기준 시점에 보유한 현금·예금 등의 잔액. 사용 제한 자금의 포함 여부를 구분한다.|지급 예정액을 반영하기 전 현금 잔고와 가용 잔고를 나눠 보고해요.|
자금일보|Daily Cash Report|자금 일보|하루의 현금·예금 잔액과 입출금 내역, 자금 계획을 정리한 보고서.|자금일보의 마감 잔액을 은행 거래내역과 맞춰요.|
자금계획|Cash Planning|현금흐름 예측;Cash Forecast|예상 입금과 지급 시점을 반영해 자금의 부족·여유를 전망하는 계획.|세금과 급여 지급일을 주간 자금계획에 반영해요.|
지급조건|Payment Terms|결제조건;결제 조건|대금 지급의 시점·방법·분할 여부 등을 정한 거래 조건.|거래처별 지급조건이 자금계획에 정확히 들어갔는지 확인해요.|
Net 30|Net 30 Days|넷30;넷 서티|송장 발행일 등 합의한 기준일부터 30일 내 전액을 지급하는 조건 표기.|Net 30의 기산일이 검수일인지 송장일인지 계약서에서 확인해요.|
지급 배치|Payment Run|페이먼트 런;지급런|지급 대상 채무를 모아 검토·승인한 뒤 일괄 이체하는 처리 단위.|지급 배치를 확정하기 전에 중복 송장과 계좌 변경을 점검해요.|
자금이체|Fund Transfer|송금;이체|계좌 사이에서 자금을 옮기는 업무.|대규모 자금이체는 승인 내역과 수취 계좌를 대조해요.|
자동이체|Direct Debit|CMS 출금|정해진 동의와 조건에 따라 계좌에서 대금이 자동으로 빠져나가도록 하는 방식.|자동이체 예정일과 출금 한도를 자금 담당자에게 공유해요.|
매출채권 팩토링|Receivables Factoring|팩토링;Factoring|매출채권을 금융회사 등에 넘겨 자금을 조달하거나 회수 관리를 맡기는 거래.|팩토링 계약의 상환청구권 여부를 확인해 회계처리를 검토해요.|
현금 풀링|Cash Pooling|캐시풀링|여러 계좌나 계열사의 잔액을 집중·연계해 자금을 관리하는 방식.|해외 법인의 현금 풀링에 참여할 계좌를 정리해요.|
리볼빙 한도|Revolving Credit Facility|RCF;회전한도대출|약정 기간과 한도 안에서 차입·상환·재차입을 반복할 수 있는 신용공여 방식.|RCF의 미사용 한도와 만기 일정을 월말 자금회의에 보고해요.|
담보|Collateral||채무 이행을 뒷받침하기 위해 제공하는 재산이나 권리.|차입 약정에 설정된 담보의 범위를 자산대장과 대조해요.|
코버넌트|Covenant|재무약정;커버넌트|차입 계약 등에서 지키기로 한 재무비율·행위 제한 등의 조건.|분기 말 코버넌트 계산에 적용할 EBITDA 정의를 약정서에서 확인해요.|
이자보상배율|Interest Coverage Ratio|ICR|이익으로 이자비용을 어느 정도 감당하는지 보는 비율. 일반적으로 영업이익 등을 이자비용과 비교한다.|이자보상배율의 분자 기준을 대출 약정과 맞춰요.|
DSCR|Debt Service Coverage Ratio|부채상환비율;원리금상환커버리지|상환에 사용할 수 있는 현금흐름 등을 해당 기간 원리금 상환액과 비교한 비율.|DSCR을 계산할 때 약정상 가용 현금흐름의 범위를 확인해요.|
번레이트|Burn Rate|현금소진율;번 레이트|사업 운영으로 현금을 소진하는 속도. 총 지출 기준과 현금 유입을 뺀 순소진 기준을 구분한다.|월 순번레이트가 늘어난 원인을 채용과 설비 지출로 나눠요.|
런웨이|Cash Runway|자금 소진까지 남은 기간;런 웨이|현재 가용 현금과 예상 현금 소진 속도를 기준으로 운영 가능한 기간을 추정한 값.|신규 투자금 유입을 제외한 런웨이를 따로 계산해요.|
# hrfinance|결산·ERP·내부통제
회계감사|Financial Audit|외부감사|독립적인 감사인이 재무제표가 적용 회계기준에 따라 작성됐는지 의견을 제시하기 위해 수행하는 절차.|회계감사 요청 자료의 담당자와 제출일을 관리해요.|
내부감사|Internal Audit||조직의 위험관리·통제·업무 운영 등을 내부 관점에서 독립적으로 점검하는 활동.|내부감사에서 지급 승인 절차의 실제 운영을 확인해요.|
내부통제|Internal Control||보고의 신뢰성·업무 효과·법규 준수 등을 위해 조직이 설계하고 운영하는 절차와 활동.|계좌 변경과 지급 승인을 분리해 내부통제를 강화해요.|
내부회계관리제도|Internal Control over Financial Reporting|ICFR;내부회계|회계정보의 신뢰성 확보를 위해 설계·운영하는 내부통제 체계.|내부회계 담당자에게 통제 수행 증빙을 제출해요.|
업무분장|Segregation of Duties|SoD;직무분리|오류나 부정을 줄이기 위해 서로 견제해야 하는 업무와 권한을 나누는 것.|거래처 등록과 대금 지급 권한의 업무분장을 점검해요.|
RCM|Risk Control Matrix|위험통제 매트릭스|업무 위험과 이를 대응하는 통제 활동·담당자·증빙 등을 연결한 표.|RCM에 통제 수행 주기와 검토 증빙을 적어요.|
워크스루|Walkthrough|통제 워크스루|거래 한 건의 흐름을 따라가며 절차와 통제 설계를 파악·확인하는 점검.|구매부터 지급까지 워크스루로 승인 지점을 확인해요.|
감사추적|Audit Trail|오딧 트레일;변경 이력|누가 언제 어떤 거래나 정보를 생성·변경·승인했는지 추적할 수 있는 기록.|전표 수정의 감사추적이 남는지 시스템에서 확인해요.|
PBC|Prepared by Client|감사 요청자료;PBC 리스트|감사인이 검토할 수 있도록 회사가 준비하는 자료나 그 요청 목록을 뜻하는 실무 표기.|PBC 리스트의 미제출 항목과 담당자를 매일 갱신해요.|
조회서|Confirmation Request|채권채무 조회서;잔액조회서|거래 상대방이나 금융기관 등에 잔액·거래 사실을 확인받기 위한 문서.|매출채권 조회서의 회신 차이를 거래 내역으로 설명해요.|
미착품|Goods in Transit||운송 중인 매입 물품. 자산 인식 여부는 소유·통제 이전 조건 등을 보고 판단한다.|결산일의 미착품을 인도 조건과 운송 서류로 확인해요.|
미청구매출|Unbilled Revenue|미청구 매출|수익을 인식했지만 아직 청구서를 발행하지 않은 금액을 부르는 실무 표현.|프로젝트별 미청구매출의 청구 예정일을 확인해요.|
계약자산|Contract Asset||수익을 인식한 대가에 대한 권리가 단순한 시간 경과 외의 조건에 달려 있는 자산.|검수 조건이 남은 대가는 계약자산과 채권의 구분을 검토해요.|
계약부채|Contract Liability||고객에게 대가를 받았거나 청구할 권리가 생겼지만 아직 재화·용역을 제공해야 하는 의무.|선수 대금에 대응하는 계약부채를 용역 제공 시점에 맞춰 검토해요.|
이연수익|Deferred Revenue|선수수익|받거나 청구한 대가 중 아직 수익으로 인식하지 않은 금액을 가리키는 표현.|연간 유지보수료의 이연수익을 서비스 제공 기간에 맞춰 인식해요.|
자산화|Capitalization|자본화|지출을 즉시 비용으로 처리하지 않고 적용 기준에 따라 자산으로 인식하는 것.|개발비 지출이 자산화 요건을 충족하는지 검토해요.|
비용화|Expensing|비용 처리|지출 등을 자산으로 남기지 않고 해당 기간의 비용으로 인식하는 처리.|일반 유지보수 지출은 자산화 대상과 비용화 대상을 구분해요.|
미착미지급|GR/IR|GRIR;입고송장차이|입고와 매입 송장의 시점·금액 차이를 임시로 관리하는 ERP 계정 또는 처리 영역.|GR/IR 잔액에서 입고됐지만 송장이 오지 않은 건을 확인해요.|
3자 대사|Three-way Matching|3-way match;쓰리웨이 매칭|구매 주문·입고 또는 검수·매입 송장의 수량과 금액 등을 대조하는 통제.|지급 전에 3자 대사로 주문보다 과다 청구된 건을 찾아요.|
계정 매핑|Account Mapping||서로 다른 계정 체계를 보고·연결 기준 계정과 연결하는 작업.|해외 법인 원장 계정을 그룹 보고 계정에 매핑해요.|
연결 패키지|Consolidation Package|리포팅 패키지;Reporting Package|연결결산에 필요한 재무 수치·내부거래·주석 자료 등을 정해진 형식으로 모은 자료.|자회사 연결 패키지에 내부거래 상대방을 표시해요.|
별도재무제표|Separate Financial Statements|별도 재무제표|지배기업 등이 자신의 투자 등을 정해진 기준으로 표시하는 개별 기업 관점의 재무제표.|배당 검토 자료에서 연결과 별도재무제표의 이익을 구분해요.|
연결재무제표|Consolidated Financial Statements|연결 재무제표|지배기업과 종속기업을 하나의 경제적 실체처럼 표시한 재무제표.|연결재무제표를 만들 때 그룹 내부 매출을 제거해요.|
영업권|Goodwill||사업결합에서 인수 대가 등과 식별 가능한 순자산 공정가치의 차이로 인식되는 자산.|인수 후 영업권 손상 검토에 사용할 사업 전망을 정리해요.|
차대 일치|Debits Equal Credits|차대 맞추기|복식부기에서 차변과 대변의 합계가 일치하는 상태. 금액이 맞아도 계정이나 귀속 오류는 남을 수 있다.|차대 일치 확인 뒤 계정과 비용 귀속 부서를 다시 검토해요.|
# hrfinance|인력·채용 분석
FTE|Full-time Equivalent|상근환산인원;전일제환산인원;에프티이|근로시간을 전일제 기준으로 환산한 인원 단위. 사람 수인 헤드카운트와 다를 수 있다.|주 40시간 기준에서 주 20시간 근무자 두 명은 합계 1 FTE로 계산해요.|cov-fte
TA|Talent Acquisition|탤런트 애퀴지션;인재 확보|필요 인재를 찾고 관계를 만들며 채용 전략과 선발 과정을 운영하는 업무 영역.|TA팀에서 하반기 핵심 직무의 소싱 전략을 준비해요.|
TM|Talent Management|탤런트 매니지먼트;인재관리|구성원의 역량·성과·경력·승계 등을 연계해 인재를 육성하고 운영하는 활동.|TM 관점에서 핵심 역할의 후임 후보와 성장 과제를 정리해요.|cov-talent
L&D|Learning and Development|러닝 앤 디벨롭먼트;교육 개발|교육과 학습 경험을 설계해 구성원의 역량과 업무 수행을 발전시키는 영역.|L&D 담당자가 교육 수료율과 실제 업무 적용을 함께 점검해요.|
OD|Organization Development|조직개발|조직의 구조·문화·일하는 방식 등을 개선해 효과성을 높이는 활동.|조직개발 과제로 팀 사이 협업 절차를 진단해요.|
ER|Employee Relations|임직원 관계;직원관계|회사와 구성원 사이의 근로관계·고충·갈등 등을 다루는 인사 영역.|ER 담당자가 고충 접수 후 사실 확인 절차를 안내해요.|
HCM|Human Capital Management|인적자본관리|인력 계획·채용·급여·성과·육성 등을 포괄해 인적자원을 관리하는 접근이나 시스템 범주.|HCM 도입 범위에 급여와 인재관리를 어디까지 포함할지 정해요.|
HRMS|Human Resource Management System|인사관리시스템|인사 정보·급여·근태 등 인사 업무를 관리하는 시스템을 일컫는 표현. HRIS·HCM과의 범위 구분은 공급사마다 다르다.|HRMS 연동 전에 사번과 조직 코드의 기준을 맞춰요.|
피플 애널리틱스|People Analytics|HR Analytics;인사 데이터 분석|인사 데이터를 분석해 인력 운영·조직 경험·인사 의사결정을 지원하는 활동.|피플 애널리틱스로 조직별 이직 추이를 확인하되 개인 정보 접근을 제한해요.|
타임 투 하이어|Time to Hire|TTH;채용 전형 소요기간|후보자가 채용 절차에 들어온 시점부터 오퍼를 수락할 때까지 걸린 기간.|타임 투 하이어와 채용 요청부터의 충원 기간을 나눠 집계해요.|cov-hire
채용 퍼널|Recruiting Funnel|리크루팅 퍼널|지원·서류·면접·오퍼·입사 등 채용 단계별 후보자 수와 전환을 보는 구조.|채용 퍼널에서 면접 이후 이탈이 큰 구간을 확인해요.|
채용 전환율|Recruiting Conversion Rate|전형 전환율|한 채용 단계의 후보자 중 다음 단계로 이동한 비율.|서류에서 면접으로 가는 채용 전환율을 직무별로 비교해요.|
후보자 경험|Candidate Experience|지원자 경험|공고 탐색부터 전형 결과 안내까지 후보자가 접하는 채용 과정의 경험.|탈락 안내 지연이 후보자 경험에 미치는 영향을 확인해요.|
채용 브랜딩|Employer Branding|고용주 브랜딩|일할 곳으로서 회사의 가치와 경험을 알리는 활동.|현직자의 실제 업무 경험을 바탕으로 채용 브랜딩 콘텐츠를 만들어요.|
EVP|Employee Value Proposition|직원 가치 제안;고용 가치 제안|조직이 구성원에게 제공하는 보상·성장·문화·업무 경험 등의 가치 제안.|EVP에 적은 성장 기회가 실제 제도로 뒷받침되는지 확인해요.|
이직률|Employee Turnover Rate|Turnover Rate;퇴사율|일정 기간의 퇴사 인원을 평균 재직 인원 등 정한 기준과 비교한 비율.|자발적 퇴사와 비자발적 퇴사를 구분해 이직률을 보고해요.|cov-hrmetrics
자발적 이직|Voluntary Turnover|자발적 퇴사|구성원이 자신의 의사로 회사를 떠나는 유형의 이직.|자발적 이직의 사유를 익명화해 조직 개선 과제로 정리해요.|
비자발적 이직|Involuntary Turnover|비자발적 퇴사|해고 등 본인의 자유로운 선택 외의 사유로 고용이 종료되는 유형.|비자발적 이직 통계는 집계 대상과 분류 기준을 먼저 맞춰요.|
조기 퇴사|Early Attrition|조기 이탈|입사 후 회사가 정한 짧은 기간 안에 퇴사하는 현상.|입사 3개월 이내 조기 퇴사를 온보딩 과정과 함께 살펴요.|
핵심인재|Key Talent|핵심 인재|사업 성과와 향후 역량에 중요한 기여를 하는 인재를 회사 기준으로 정한 집단.|핵심인재 선정 기준과 육성 계획을 함께 검토해요.|
하이포텐셜|High Potential|HiPo;하이 포텐셜|미래에 더 큰 책임과 역할을 수행할 가능성이 높다고 판단한 인재.|현재 성과와 하이포텐셜 판단을 같은 점수로 취급하지 않아요.|
나인박스|Nine-box Grid|9-box;9박스|성과와 잠재력 등 두 축을 각각 세 단계로 나눠 인재를 논의하는 도구.|나인박스 배치를 확정하기 전에 평가 근거를 비교해요.|
스팬 오브 컨트롤|Span of Control|관리 범위;통솔 범위|한 관리자가 직접 관리하는 구성원의 범위나 인원 수.|업무 복잡도와 관리자 역할을 고려해 스팬 오브 컨트롤을 검토해요.|
결원율|Vacancy Rate||승인된 정원 중 채워지지 않은 자리의 비율.|결원율이 높은 조직은 업무량과 충원 우선순위를 함께 점검해요.|
인당 매출|Revenue per Employee|인당 생산성|매출을 평균 인원 등 정한 인력 기준으로 나눈 지표.|외주 인력 포함 여부를 맞춘 뒤 인당 매출을 비교해요.|
# hrfinance|보상 설계·급여 운영
컴파레시오|Compa-ratio|컴파 레이시오;컴퍼레이쇼;컴파레이쇼|개인 급여를 해당 급여 구간의 중간값 등 정한 기준 급여로 나눈 비율.|승급 검토 때 컴파레시오와 직무·성과를 함께 살펴요.|
급여 구간 침투율|Range Penetration|레인지 페네트레이션|급여가 급여밴드의 최저값부터 최고값 사이에서 어느 위치에 있는지 나타낸 비율.|급여 구간 침투율을 볼 때 적용 밴드의 변경 여부를 확인해요.|
메리트 인상|Merit Increase|성과 기반 인상|개인의 성과나 기여 등을 기준으로 기본급을 올리는 것.|메리트 인상 예산을 배분하기 전에 평가 기준을 맞춰요.|
메리트 매트릭스|Merit Matrix|연봉 인상 매트릭스|성과 등급·급여 위치 등의 조합으로 인상률 범위를 안내하는 표.|메리트 매트릭스의 예외 승인 기준도 함께 정해요.|
STI|Short-term Incentive|단기 인센티브|연간 등 비교적 짧은 성과 기간을 기준으로 지급하는 보상.|STI의 회사 성과와 개인 성과 반영 비중을 확인해요.|
LTI|Long-term Incentive|장기 인센티브|수년에 걸친 성과나 재직 등 장기 조건과 연계하는 보상.|LTI의 성과 측정 기간과 지급 시점을 구분해 설명해요.|
사이닝 보너스|Signing Bonus|사인온 보너스;Sign-on Bonus;입사 보너스|입사 수락이나 합류를 조건으로 제공하는 일회성 보상.|사이닝 보너스의 지급 시점과 반환 조건을 서면으로 확인해요.|
리텐션 보너스|Retention Bonus|재직 유지 보너스|정해진 기간의 재직 등 유지 조건을 충족하면 주는 보상.|리텐션 보너스가 기본급 인상과 별개임을 안내해요.|
스톡옵션|Stock Option|주식매수선택권|정해진 조건과 가격으로 회사 주식 등을 살 수 있는 권리.|스톡옵션의 부여 수량과 행사 가격을 보상 안내서에 구분해요.|
RSU|Restricted Stock Unit|양도제한조건부주식단위;제한조건부 주식 단위|정해진 재직·성과 등 조건 충족 후 주식이나 그에 상응하는 가치를 받을 수 있도록 설계한 보상 단위.|RSU의 부여일과 실제 권리 확정 일정을 따로 설명해요.|
베스팅|Vesting|권리 확정;베스팅 일정|주식 보상 등에서 재직·성과 조건에 따라 권리가 확정되는 과정.|퇴사일 기준으로 베스팅된 수량을 확인해요.|
클리프|Cliff Vesting|클리프 기간|일정 기간이 지나기 전에는 권리가 확정되지 않고 해당 시점부터 정해진 권리가 확정되는 보상 조건.|1년 클리프가 지난 뒤 적용되는 베스팅 방식을 확인해요.|
그랜트|Grant|보상 부여|주식 보상 등을 대상자에게 정해진 조건으로 부여하는 것.|그랜트 승인일과 베스팅 시작일이 다른지 확인해요.|
행사가격|Exercise Price|Strike Price;스트라이크 프라이스|스톡옵션 등 권리를 행사할 때 주식을 사기 위해 지불하는 정해진 가격.|행사가격과 현재 주식 가치는 별도로 안내해요.|
총급여|Gross Pay|그로스 급여;세전 급여|급여 계산에서 공제 전 지급액을 가리키는 표현. 세법상 총급여액과 산정 범위를 구분해야 한다.|총급여와 실수령액 사이의 공제 항목을 확인해요.|
그로스업|Gross-up|Gross Up|목표 실수령액을 맞추기 위해 세금·공제 등을 고려해 지급액을 역산·조정하는 것.|그로스업 약정의 대상 세금과 적용 범위를 확인해요.|
오프사이클 급여|Off-cycle Payroll|비정기 급여|정규 급여 일정 외에 별도로 처리하는 급여 지급.|누락 수당을 오프사이클 급여로 지급하면서 중복 반영을 확인해요.|
급여 이체 파일|Payroll Bank File|급여 파일;급여 지급 파일|은행 이체를 위해 수취인·계좌·지급액 등을 정리한 파일.|급여 이체 파일의 합계와 승인된 급여대장 합계를 대조해요.|
급여 변동자료|Payroll Input|급여 인풋|입퇴사·근태·수당·공제 변경 등 해당 급여 계산에 반영할 입력 자료.|급여 변동자료의 마감일 이후 수정 건은 별도 승인으로 관리해요.|
인건비 충당|Payroll Accrual|급여 발생액|지급 전이라도 해당 기간에 발생한 급여·상여 등의 비용과 부채를 반영하는 처리.|결산 때 아직 지급하지 않은 성과급의 인건비 충당을 검토해요.|
# hrfinance|예산·원가·관리 보고
AOP|Annual Operating Plan|연간 운영계획;연간 사업계획|다음 연도의 매출·비용·인력·투자와 실행 방향을 정리한 계획.|AOP의 매출 가정과 채용 계획을 함께 맞춰요.|
중장기계획|Long-range Plan|LRP;중기계획|여러 해의 사업 방향과 재무·인력·투자 목표를 정리한 계획.|중장기계획의 설비 증설 시점을 자금 전망에 반영해요.|
제로베이스 예산|Zero-based Budgeting|ZBB;영기준 예산|전년 예산을 그대로 출발점으로 삼지 않고 지출 필요성과 규모를 다시 검토하는 예산 방식.|제로베이스 예산으로 반복 구독 비용의 필요성을 다시 확인해요.|
드라이버 기반 계획|Driver-based Planning|드라이버 베이스드 플래닝|인원·판매량·단가 같은 운영 요인을 연결해 재무 계획을 계산하는 방식.|인건비 계획을 인원과 평균 급여의 드라이버로 나눠요.|
시나리오 분석|Scenario Analysis|베이스 케이스;업사이드;다운사이드|여러 가정 묶음에서 실적이나 자금 상황이 어떻게 달라지는지 비교하는 분석.|기준·낙관·비관 시나리오별 현금 잔고를 비교해요.|cov-fpa
헤드룸|Headroom|여유 한도|차입한도·재무약정·예산 등 정해진 기준까지 남아 있는 여유를 뜻하는 실무 표현.|코버넌트 헤드룸이 줄어 추가 차입의 영향을 점검해요.|
컨틴전시|Contingency Budget|예비비;컨틴전시 예산|예상하지 못한 비용이나 위험에 대비해 따로 확보한 예산.|프로젝트 예산에 컨틴전시를 별도 항목으로 잡아요.|
커밋 비용|Committed Cost|약정 비용;기약정 비용|발주나 계약 등으로 앞으로 지출할 의무가 이미 생긴 비용.|예산 잔액에서 아직 미지급인 커밋 비용도 확인해요.|
프로핏센터|Profit Center|이익센터|매출과 비용을 함께 관리해 이익 책임을 평가하는 조직·관리 단위.|프로핏센터별 손익에 공통비 배부 기준을 동일하게 적용해요.|
사업부 손익|Business Unit P&L|BU P&L|사업부별 매출·원가·비용·이익을 모은 관리 보고.|사업부 손익의 공통비 배부 전후 수치를 나눠 보여줘요.|
PVM 분석|Price Volume Mix Analysis|가격 물량 믹스 분석|매출·이익 변화를 가격·물량·제품 구성 변화 등으로 분해하는 분석.|PVM 분석으로 매출 증가 중 가격 인상 효과를 구분해요.|
흡수원가|Absorption Costing|전부원가계산|제품 원가에 변동 제조원가와 고정 제조간접원가를 함께 반영하는 원가계산 방식.|흡수원가와 관리 목적의 변동원가 기준 이익을 구분해요.|
변동원가계산|Variable Costing|변동원가|제품에 변동 제조원가를 부과하고 고정 제조간접원가는 기간비용으로 보는 원가계산 방식.|변동원가계산으로 제품별 공헌이익을 비교해요.|
활동기준원가|Activity-based Costing|ABC;활동기준 원가계산|활동별로 발생한 비용을 활동을 유발한 원인에 따라 제품·서비스 등에 배부하는 방식.|검사 횟수를 원가 동인으로 삼아 활동기준원가를 계산해요.|
원가 동인|Cost Driver|코스트 드라이버|원가 발생이나 변화에 영향을 주는 활동량·시간 등의 요인.|물류비의 원가 동인이 출고 건수인지 중량인지 검토해요.|
표준시간|Standard Hours||작업을 정해진 조건에서 수행하는 데 필요한 기준 시간.|표준시간과 실제시간의 차이를 노무 원가 분석에 반영해요.|
가동률|Utilization Rate|설비 가동률|사용 가능한 설비·시간 등의 능력 중 실제 사용한 비율. 분모의 기준을 일치시켜 비교한다.|공장 가동률 하락이 고정비 부담에 미치는 영향을 보고해요.|
영업외수익|Non-operating Income||회사의 주된 영업활동 외에서 발생하는 수익을 분류해 부르는 표현. 적용 회계기준의 표시체계를 확인한다.|자산 처분 관련 수익을 반복적인 영업 성과와 구분해요.|
영업외비용|Non-operating Expense||주된 영업활동 외에서 발생하는 비용을 분류해 부르는 표현. 적용 회계기준에 따라 표시가 달라질 수 있다.|금융비용이 전체 손익에 미친 영향을 별도로 설명해요.|
세전이익|Profit Before Tax|PBT;EBT;법인세비용차감전순이익|법인세비용을 반영하기 전의 이익.|세전이익에서 법인세비용을 반영해 순이익 변화를 설명해요.|
# marketing|광고 전략·운영
매체 효율|Media Efficiency||투입 예산에 비해 도달·전환 등 목표 성과가 얼마나 나오는지 평가하는 관점.|매체 효율은 클릭 단가뿐 아니라 전환 품질까지 보고 판단해요.|
서치 리프트|Search Lift||캠페인 노출 등으로 브랜드나 제품 관련 검색이 얼마나 증가했는지 보는 지표.|영상 캠페인의 서치 리프트를 자연적인 검색 증가와 구분해요.|
MQL|Marketing Qualified Lead|마케팅 적격 리드|마케팅 활동에서 정한 관심·적합성 기준을 충족해 후속 관리 대상으로 분류한 리드.|백서 다운로드만으로 MQL로 볼지 추가 조건을 합의해요.|
SQL|Sales Qualified Lead|영업 적격 리드|영업팀이 구매 가능성과 적합성 등을 검토해 실제 영업 기회로 판단한 리드.|MQL이 SQL로 넘어가는 기준을 영업팀과 맞춰요.|
ABM|Account-based Marketing|어카운트 기반 마케팅|중요한 기업 고객군을 정해 각 기업의 상황에 맞춘 마케팅·영업을 협업하는 방식.|ABM 대상 기업별 의사결정자와 콘텐츠를 설계해요.|
전환 가치|Conversion Value||구매금액이나 사업 기여도 등을 기준으로 전환에 부여하는 가치.|구매 이벤트의 전환 가치에 취소 주문이 중복 반영되지 않았는지 확인해요.|cov-roas
최적화 점수|Optimization Score||Google Ads에서 계정 등의 성과 개선 여지를 추천과 함께 제시하는 점수. 실제 매출 성과 자체를 의미하지는 않는다.|최적화 점수가 높아도 수익성 목표에 맞는지 별도로 검토해요.|cov-opt
전환 지연|Conversion Delay|전환 지연시간|광고 상호작용부터 실제 전환 또는 그 전환이 보고되는 시점까지의 지연.|어제 성과를 확정하기 전에 전환 지연을 고려해요.|cov-delay
스마트 자동 입찰|Smart Bidding|스마트 비딩|전환이나 전환 가치를 목표로 경매별 입찰을 자동 조정하는 Google Ads 입찰 체계.|스마트 자동 입찰을 쓰기 전에 전환 측정의 정확성을 확인해요.|cov-roas
소재 테스트|Creative Testing|크리에이티브 테스트|이미지·카피·형식 등의 차이가 광고 성과에 미치는 영향을 비교하는 작업.|소재 테스트에서는 바꾼 요소와 비교 기간을 기록해요.|
러닝 페이즈|Learning Phase|학습 단계;러닝 기간|광고 전달 시스템이 새로운 설정 등에 맞춰 성과 패턴을 학습하는 단계.|러닝 페이즈의 변동을 보고 바로 소재 실패로 단정하지 않아요.|
애드서버|Ad Server|광고 서버|광고 소재를 전달하고 노출·클릭 등의 기록을 처리하는 시스템.|애드서버와 매체 보고서의 집계 기준을 맞춰요.|
뷰어빌리티|Viewability|광고 가시성|광고가 사용자의 화면에서 정해진 면적·시간 등 실제 볼 수 있는 조건을 충족했는지 보는 지표.|노출수와 뷰어빌리티를 함께 확인해 매체 품질을 검토해요.|
브랜드 세이프티|Brand Safety|브랜드 안전성|부적절하거나 유해한 콘텐츠 옆에 광고가 노출되는 위험을 관리하는 것.|브랜드 세이프티 기준에 맞춰 제외 카테고리를 정해요.|
# dev|개발 구현·운영
디바운스|Debounce|디바운싱|짧은 간격으로 반복되는 호출을 모아 일정 시간 추가 호출이 없을 때 실행하도록 하는 방식.|검색 입력을 디바운스해 매 글자마다 요청이 나가지 않게 해요.|cov-debounce
스로틀|Throttle|스로틀링|반복되는 작업의 실행 빈도를 정한 시간 간격 등으로 제한하는 방식.|스크롤 이벤트 처리를 스로틀해 과도한 계산을 줄여요.|
이벤트 루프|Event Loop||대기 중인 작업과 콜백 등을 실행 순서에 따라 처리하도록 조정하는 실행 구조.|무거운 동기 계산이 이벤트 루프를 막아 화면이 멈추는지 확인해요.|
직렬화|Serialization|시리얼라이즈|객체나 데이터를 저장·전송 가능한 형식으로 바꾸는 과정.|날짜와 큰 정수를 JSON으로 직렬화할 때 손실 여부를 확인해요.|
역직렬화|Deserialization|디시리얼라이즈|저장·전송 형식의 데이터를 프로그램에서 사용할 구조로 되돌리는 과정.|외부 입력을 역직렬화한 뒤 기대한 자료형인지 검증해요.|
페이지네이션|Pagination|페이징|많은 목록을 페이지나 커서 단위로 나눠 불러오고 표시하는 방식.|새 항목 삽입 시 중복이 생기지 않도록 커서 페이지네이션을 검토해요.|
레이트 리밋|Rate Limit|요청 제한;레이트리밋|사용자·키·주소 등의 기준으로 일정 기간에 허용할 요청 수를 제한하는 것.|레이트 리밋에 걸리면 재시도 간격을 늘려요.|
서킷 브레이커|Circuit Breaker||연속 실패하는 외부 호출을 일시 중단해 장애 확산을 줄이는 패턴.|결제 서비스 오류가 반복되면 서킷 브레이커로 호출을 제한해요.|
재시도|Retry|리트라이|일시적인 실패로 끝난 작업을 다시 실행하는 것.|결제 재시도에는 멱등성 키를 붙여 중복 결제를 방지해요.|
지수 백오프|Exponential Backoff|백오프|재시도할 때 대기 간격을 점차 크게 늘리는 방식.|동시 재시도가 몰리지 않도록 지수 백오프에 무작위 지연을 섞어요.|
옵저버빌리티|Observability|관측 가능성;관측성|로그·지표·추적 등의 출력으로 시스템 내부 상태와 문제를 이해할 수 있는 성질.|요청이 어느 서비스에서 느려졌는지 보도록 옵저버빌리티를 보강해요.|
분산 추적|Distributed Tracing|트레이싱|여러 서비스에 걸친 요청의 경로와 처리 시간을 연결해 추적하는 방법.|트레이스 ID로 API와 메시지 처리 구간을 연결해요.|
ETL|Extract Transform Load|추출 변환 적재|데이터를 추출하고 변환한 다음 목적 저장소에 적재하는 처리 흐름.|ETL 작업의 중복 적재와 실패 지점을 점검해요.|
ELT|Extract Load Transform|추출 적재 변환|데이터를 추출해 먼저 목적 저장소에 적재한 뒤 그 안에서 변환하는 흐름.|ELT 모델에서 원본과 가공 테이블의 갱신 시점을 구분해요.|
RBAC|Role-based Access Control|역할 기반 접근 제어|사용자 역할에 권한을 연결해 자원 접근을 제어하는 방식.|관리자와 조회 담당자의 RBAC 권한을 분리해요.|
# fashion|상품·원단·생산
SS|Spring Summer|S/S;봄여름 시즌;에스에스|봄·여름 상품을 묶어 기획하고 판매하는 시즌 표기.|SS 컬렉션의 원단 확정 시점을 생산 일정에 맞춰요.|
FW|Fall Winter|F/W;AW;A/W;가을겨울 시즌;에프더블유|가을·겨울 상품을 묶어 기획하고 판매하는 시즌 표기.|FW 아우터의 충전재 수급 일정을 먼저 확인해요.|
캡슐 컬렉션|Capsule Collection||작은 수의 상품을 일관된 콘셉트로 구성한 컬렉션.|캡슐 컬렉션은 서로 조합할 수 있도록 색과 실루엣을 맞춰요.|
풀프라이스|Full Price|정상가 판매;풀 프라이스|할인을 적용하지 않은 정상 가격 또는 그 가격으로 판매하는 것.|풀프라이스 판매 비중이 높은 스타일을 리오더 후보로 봐요.|
IMU|Initial Markup|초기 마크업|상품의 최초 판매가격과 원가의 차이를 기준으로 잡는 초기 마진 지표. 계산 분모를 확인한다.|기획 단계의 IMU와 할인 후 실제 마진을 구분해요.|
마커 효율|Marker Efficiency|마킹 효율|재단 배치 영역에서 실제 패턴 조각이 차지하는 비율을 나타내는 지표.|사이즈 조합을 바꿔 마커 효율과 원단 손실을 비교해요.|
합봉|Joining Seams||둘 이상의 재단 조각을 이어 봉제하는 작업.|어깨 합봉 전에 좌우 패턴 방향을 확인해요.|
쌍침|Twin Needle|두 줄 스티치|두 바늘 등으로 나란한 봉제선을 만드는 방식이나 그 봉제선을 부르는 표현.|밑단 쌍침의 간격과 장력을 샘플과 맞춰요.|
땀길이|Stitch Length|땀 길이;스티치 길이|봉제선에서 연속된 바늘땀 사이의 길이. 일정 길이당 땀의 개수인 땀수와 구분한다.|얇은 원단이 울지 않도록 땀길이와 장력을 함께 조정해요.|
경편|Warp Knitting||경사 방향의 여러 실로 고리를 연결해 만드는 편직 방식.|경편 원단의 신축 방향을 고려해 패턴을 배치해요.|
위편|Weft Knitting||가로 방향으로 이어지는 실의 고리를 연결해 만드는 편직 방식.|위편 원단은 세탁 후 치수 변화를 샘플로 확인해요.|
평직|Plain Weave||경사와 위사가 번갈아 위아래로 교차하는 기본 직물 조직.|평직 셔츠 원단의 밀도와 비침을 비교해요.|
능직|Twill Weave|트윌|경사·위사의 교차점이 이동하면서 사선 무늬가 나타나는 직물 조직.|능직 원단의 사선 방향을 재단 시 맞춰요.|
수자직|Satin Weave|주자직;새틴 조직|실의 부유 부분이 길고 교차점이 분산돼 표면에 광택이 나타나기 쉬운 직물 조직.|수자직 원단은 표면의 올 걸림과 봉제 미끄러짐을 확인해요.|
# film|촬영·후반 기술
셔터 앵글|Shutter Angle|셔터각;셔터 각도|한 프레임 기간 중 노출하는 비율을 각도로 나타낸 설정. 같은 각도여도 프레임 레이트에 따라 노출시간이 달라진다.|슬로모션 촬영 전 셔터 앵글과 조명 플리커를 함께 확인해요.|cov-shutter
롤링 셔터|Rolling Shutter||센서 화면의 위치마다 다른 시점에 순차적으로 노출·읽기 등을 수행하는 방식으로 빠른 움직임에서 왜곡이 나타날 수 있다.|빠른 팬에서 수직선이 휘는 롤링 셔터 현상을 점검해요.|cov-shutter
글로벌 셔터|Global Shutter||센서 전체의 노출 시점을 맞춰 이미지를 얻는 방식.|빠른 동작 촬영에 쓸 카메라의 글로벌 셔터 지원 여부를 확인해요.|
젠록|Genlock|겐록|여러 영상 장비의 프레임 타이밍을 기준 신호에 동기화하는 방식.|멀티카메라 촬영에서 젠록과 타임코드의 역할을 구분해 설정해요.|
잼싱크|Jam Sync|잼 싱크|한 장비의 타임코드를 다른 장비에 맞춰 놓고 각 장비가 진행하도록 동기화하는 방식.|카메라와 녹음기를 잼싱크한 뒤 장시간 촬영 중 오차를 재확인해요.|
오버크랭크|Overcrank|하이스피드 촬영;고속 촬영|재생 기준보다 높은 프레임 레이트로 촬영해 느린 움직임으로 보여주는 방식.|물 튀는 장면은 오버크랭크로 촬영하고 필요한 광량을 확보해요.|
언더크랭크|Undercrank|저속 촬영|재생 기준보다 낮은 프레임 레이트로 촬영해 빠른 움직임으로 보여주는 방식.|언더크랭크로 군중의 이동을 빠르게 표현해요.|
스피드 램프|Speed Ramp|스피드램핑|하나의 클립 안에서 재생 속도를 점진적이거나 의도적으로 바꾸는 효과.|동작의 강조 지점에 맞춰 스피드 램프 구간을 잡아요.|
옵티컬 플로우|Optical Flow||연속 프레임 사이의 움직임을 추정하는 기술. 영상 보간이나 속도 변환 등에 활용한다.|옵티컬 플로우 적용 후 손가락 경계가 깨지는지 확인해요.|
오버스캔|Overscan||표시 화면의 가장자리 일부를 잘라 보여주는 동작이나 이를 고려한 여유 영역을 뜻하는 표현.|방송 자막을 배치할 때 오버스캔과 안전 영역을 확인해요.|
다이내믹 레인지|Dynamic Range|DR;다이나믹 레인지|카메라가 기록하거나 화면이 표현할 수 있는 밝고 어두운 범위.|창밖 하이라이트와 실내 그림자가 다이내믹 레인지 안에 들어오는지 확인해요.|
크로마 서브샘플링|Chroma Subsampling|4:2:2;4:2:0;4:4:4|영상의 밝기 정보에 비해 색차 정보를 적은 해상도로 저장하는 방식과 그 비율 표기.|크로마키 합성용 촬영에서는 크로마 서브샘플링과 비트 깊이를 함께 확인해요.|
비트 깊이|Bit Depth|비트뎁스;비트 뎁스;10비트;8비트|신호의 한 성분 값을 표현하는 데 쓰는 비트 수. 더 많은 단계의 값을 표현할 수 있는 정도와 관련된다.|강한 색보정을 하기 전에 원본의 비트 깊이를 확인해요.|
밴딩|Banding||매끄러워야 할 명암이나 색 변화가 띠처럼 끊어져 보이는 현상.|하늘 그라데이션에 밴딩이 생기지 않는지 납품 파일을 확인해요.|
라운드트립|Round Trip|라운드 트립|편집 프로젝트를 색보정·음향 등 다른 도구로 보냈다가 결과를 원래 작업에 다시 연결하는 흐름.|색보정 라운드트립 전에 프레임 레이트와 파일명을 맞춰요.|
# design|디자인 시스템·시각 제작
인스턴스|Instance|컴포넌트 인스턴스|원본 컴포넌트와 연결된 사용본. 원본의 구조나 스타일 변경을 이어받으면서 일부 속성을 따로 바꿀 수 있다.|버튼 인스턴스의 문구만 바꾸고 공통 스타일 연결은 유지해요.|cov-components
컨스트레인트|Constraints|리사이징 제약;제약 조건|부모 프레임의 크기가 바뀔 때 자식 요소의 위치·크기가 어떻게 반응할지 정하는 규칙.|화면 폭이 늘어도 버튼이 오른쪽에 붙도록 컨스트레인트를 설정해요.|cov-constraints
오버라이드|Override|컴포넌트 오버라이드|컴포넌트 사용본에서 문구·이미지·속성 등을 원본과 다르게 지정하는 것.|인스턴스의 오버라이드가 원본 업데이트 후 유지되는지 확인해요.|cov-components
디태치|Detach Instance|인스턴스 분리;디태치 인스턴스|컴포넌트 사용본과 원본 사이의 연결을 끊고 독립적인 요소로 바꾸는 것.|특수한 화면만 디태치할지 원본 배리언트를 늘릴지 먼저 검토해요.|cov-components
네스팅|Nesting|중첩 컴포넌트|컴포넌트나 레이아웃 안에 다른 컴포넌트·레이아웃을 넣는 구성 방식.|카드 안의 버튼을 네스팅해 공통 변경을 쉽게 반영해요.|
시맨틱 토큰|Semantic Token|의미 토큰|실제 색·크기 값보다 용도나 역할을 이름으로 표현한 디자인 토큰.|오류 메시지 색은 빨강 값 대신 오류 의미의 시맨틱 토큰을 써요.|
옵티컬 정렬|Optical Alignment|시각적 정렬|좌표상 중심뿐 아니라 형태와 시각적 무게를 고려해 사람이 맞다고 느끼도록 정렬하는 것.|원형 아이콘과 글자를 옵티컬 정렬로 미세하게 조정해요.|
옵티컬 사이즈|Optical Size|광학 크기|글자가 쓰일 크기에 맞춰 획·간격·디테일 등을 조정한 서체 설계나 가변 축.|작은 본문은 해당 크기에 맞는 옵티컬 사이즈를 적용해요.|
가변 폰트|Variable Font|베리어블 폰트|하나의 폰트 파일 안에서 굵기·폭 등 지원하는 축의 값을 연속적으로 바꿀 수 있는 폰트.|가변 폰트의 굵기 축 범위를 확인하고 제목과 본문에 적용해요.|
디센더|Descender||기준선 아래로 내려오는 글자의 부분.|영문 소문자의 디센더가 잘리지 않도록 텍스트 영역을 확인해요.|
캡하이트|Cap Height|캡 하이트|서체에서 대문자의 기준 높이.|서로 다른 폰트를 섞을 때 캡하이트를 기준으로 크기를 맞춰요.|
로고 락업|Logo Lockup|로고 조합;락업|심벌·워드마크·태그라인 등을 정해진 관계로 묶은 로고 조합.|가로형 로고 락업의 최소 여백을 가이드에 표시해요.|
워드마크|Wordmark|로고타입;워드 마크|브랜드 이름의 글자 형태를 중심으로 만든 로고.|워드마크의 자간을 작은 크기에서도 읽히게 다듬어요.|
심벌|Symbol Mark|심볼;심벌마크|브랜드를 식별하도록 만든 도형이나 이미지 중심의 표식.|심벌을 단색과 작은 크기에서도 알아볼 수 있는지 확인해요.|
아이코노그래피|Iconography|아이콘 체계|아이콘의 형태·선·의미·사용 규칙을 일관되게 정한 시각 체계.|아이코노그래피 가이드에서 선 굵기와 모서리 규칙을 맞춰요.|
# common|문서·협업
변경 요청|Change Request|CR;체인지 리퀘스트|합의한 범위·요건·일정 등을 바꾸어 달라는 공식 또는 관리 대상 요청.|변경 요청에 비용과 일정 영향을 함께 기록해요.|
SOW|Statement of Work|작업명세서;업무기술서;작업 범위서|계약·프로젝트에서 수행할 업무 범위·산출물·일정·책임 등을 정리한 문서.|SOW에 수정 횟수와 제외 작업을 구분해요.|
RACI|Responsible Accountable Consulted Informed|책임 할당 매트릭스|실행·최종책임·협의·공유 대상을 나눠 업무별 책임을 표시하는 표.|승인 누락이 없도록 RACI에서 최종책임자를 확인해요.|
DACI|Driver Approver Contributors Informed|의사결정 역할 모델|추진자·승인자·기여자·공유 대상을 구분해 의사결정 역할을 정하는 방식.|새 정책의 DACI를 정해 누가 결론을 내릴지 명확히 해요.|
POC 담당자|Point of Contact|담당 연락처;연락 창구;Contact Point|업무 문의와 조정을 모으는 주된 연락 담당자.|이 건의 POC 담당자를 정해 거래처 문의를 한곳에서 받아요.|
EOD|End of Day|업무 종료 시점;이오디|그날의 업무 종료 시점을 뜻하는 마감 표현. 시간대와 실제 시각을 합의해 쓰는 것이 좋다.|해외 담당자와 EOD가 어느 시간대인지 먼저 맞춰요.|
EOW|End of Week|주말 전;이오더블유|해당 업무 주간의 종료 시점을 뜻하는 마감 표현.|EOW까지 전달한다는 말 대신 금요일 몇 시인지 확인해요.|
BAU|Business as Usual|정상 운영;일상 운영|프로젝트성 변화 업무와 구분되는 평소의 일상 업무나 정상 운영 상태.|전환 작업 중에도 BAU 문의를 처리할 담당자를 따로 둬요.|
OJT|On-the-job Training|현장 직무교육;오제이티|실제 업무를 수행하며 필요한 지식과 기술을 배우는 교육 방식.|OJT에서 직접 해 볼 업무와 확인 기준을 정해요.|
인테이크|Intake|요청 접수|업무 요청을 받아 내용·우선순위·담당 등을 정리하는 초기 접수 과정.|인테이크 양식에 요청 목적과 필요한 날짜를 적어 주세요.|
핸드셰이크|Handshake|합의 확인|담당자 사이에서 인계 조건이나 역할·범위를 서로 확인하고 합의했다는 비유적 업무 표현.|운영팀과 장애 대응 범위의 핸드셰이크를 마쳤어요.|
오너십|Ownership|오너쉽;책임 주체|어떤 일의 결과를 책임지고 끝까지 관리하는 태도 또는 책임의 귀속.|공동 과제라도 최종 오너십을 맡을 사람을 정해요.|
# hrfinance|인사·재무 현장 말
장부 털다||장부를 털다;잔액 털다;잔액을 털다|남아 있는 미결·잔액의 원인을 확인해 적절한 회계처리로 정리한다는 실무 표현. 근거 없이 금액을 없앤다는 뜻은 아니다.|오래된 가수금은 입금 근거를 확인한 뒤 장부를 털기로 했어요.|
비용 이연||비용을 이연하다;비용 넘기다|비용 인식 시점을 이후 기간으로 넘겨 잡는 것. 단순한 실적 조정이 아니라 적용 기준에 맞는 귀속 판단이 필요하다.|선급 보험료 중 다음 기간에 해당하는 금액의 비용 이연을 확인해요.|
매출 잡다||매출을 잡다;매출 잡히다|거래의 수익 인식 요건과 귀속 시점에 맞춰 매출을 회계에 반영한다는 표현.|검수가 끝나지 않은 건을 이번 달 매출로 잡을 수 있는지 검토해요.|
기장 맡기다||기장을 맡기다;기장 대행|거래 기록과 장부 작성 업무를 외부 회계·세무 서비스에 맡긴다는 말.|기장을 맡겨도 회사에서 증빙과 거래 내용을 정확히 전달해야 해요.|
티오 열다||TO 오픈;티오를 열다;티오 오픈|채용할 자리를 승인하거나 채용을 시작할 수 있도록 연다는 표현.|퇴사자 대체 채용은 예산 확인 후 티오를 열기로 했어요.|
오퍼 나가다||오퍼 내다;오퍼를 내다;오퍼 보내다|후보자에게 입사 조건을 담은 제안을 전달한다는 표현.|처우 승인이 끝나면 후보자에게 오퍼가 나가요.|
테이블 맞추다||연봉 테이블 맞추다|직무·직급·경력 등에 해당하는 회사 보상 기준 안에서 급여 조건을 조정한다는 표현.|오퍼 금액은 내부 형평성을 검토해 연봉 테이블에 맞춰요.|
처우 맞추다||처우를 맞추다|보수·직급·복지 등 입사 조건을 회사 기준과 후보자의 기대 사이에서 조율한다는 표현.|기본급과 성과급을 분리해 처우를 맞춰요.|
# marketing|광고·마케팅 현장 말
워싱|Washing|워싱하다;문구 워싱;카피 워싱|초안의 표현·구성·톤을 다듬어 전달하기 좋은 상태로 정리한다는 말. 기만적 홍보를 뜻하는 그린워싱과는 다른 문맥이다.|광고주에게 보내기 전에 과장된 표현을 줄이는 방향으로 카피를 워싱해요.|
장표 치다||장표를 치다;장표 작업|보고·제안에 쓸 발표 자료의 페이지를 구성하고 작성한다는 말.|합의된 전략을 기준으로 경쟁 PT 장표를 쳐요.|
예산 태우다||예산을 태우다;광고비 태우다;광고비를 태우다|광고 예산을 실제 매체 집행에 사용한다는 구어적 표현.|새 소재에 예산을 태우기 전에 전환 추적이 정상인지 확인해요.|
소재 돌리다||소재를 돌리다;광고 돌리다|광고 소재를 매체에 집행하거나 여러 소재를 번갈아 운영한다는 말.|피로도가 높아져 새 소재를 소액으로 돌려 봐요.|
딴 안||다른 안;딴안|현재 제안과 다른 방향으로 만든 대안.|메시지는 유지하되 표현 방식이 다른 딴 안도 준비해요.|
카피 갈다||카피를 갈다;문구 갈다|광고 문구를 다시 쓰거나 여러 차례 다듬는다는 표현.|제품 장점이 명확해지도록 헤드라인 카피를 갈아 봐요.|
한 줄 정리||한줄정리;원라인|캠페인의 핵심 논리나 메시지를 짧은 한 문장으로 압축하는 작업.|제안서 앞단을 쓰기 전에 소비자가 얻을 가치를 한 줄로 정리해요.|
역제안|Counterproposal|역 제안|광고주 요청을 그대로 수행하기보다 목표에 더 맞는 다른 방법이나 조건을 제시하는 것.|요청된 매체보다 타깃 접점이 좋은 채널을 역제안해요.|
# dev|개발 현장 말
브랜치 따다||브랜치를 따다;브랜치 파다|기준 브랜치 등에서 새 작업 브랜치를 만든다는 말.|핫픽스는 현재 운영 버전에서 브랜치를 따서 작업해요.|
코드 박다||값 박다;값을 박다;상수 박다|값이나 처리를 코드 안에 직접 넣는다는 표현. 설정 대신 고정값을 넣는 문맥에서 자주 쓴다.|환경마다 다른 주소를 코드에 박지 말고 설정으로 분리해요.|
로그 심다||로그를 심다|실행 상태나 오류를 확인할 수 있도록 기록 코드를 추가한다는 말.|재현이 어려운 구간에 개인정보를 제외한 진단 로그를 심어요.|
서버 띄우다||서버를 띄우다;서버 올리다|서버 프로그램이나 인스턴스를 실행해 요청을 받을 수 있게 한다는 말.|로컬 서버를 띄운 뒤 API 응답을 확인해요.|
디비 밀다||DB 밀다;DB를 밀다;디비를 밀다|데이터베이스의 내용을 비우거나 초기화한다는 표현. 삭제 범위를 반드시 구체적으로 확인해야 한다.|테스트 디비를 밀기 전에 운영 연결이 아닌지 확인해요.|
쿼리 날리다||쿼리를 날리다|데이터베이스 등에 조회·변경 요청을 실행한다는 말.|대용량 테이블에 쿼리를 날리기 전에 실행 계획을 봐요.|
노가다 코드||반복 코드|비슷한 처리를 반복해서 손으로 작성한 코드를 가리키는 비공식 표현.|노가다 코드를 공통 함수로 묶을 수 있는지 리뷰해요.|
매직 넘버|Magic Number|매직넘버|의미를 설명하는 이름 없이 코드에 직접 적혀 있는 특정 숫자 값.|타임아웃의 매직 넘버를 단위가 드러나는 상수로 바꿔요.|
# fashion|패션·섬유 현장 말
완사입||완사;완사 매입|소매업체 등이 상품을 직접 매입해 재고·판매 부담을 지는 거래 방식. 반품 가능 범위는 거래 조건에 따른다.|완사입 상품의 불량 교환과 반품 조건을 먼저 확인해요.|
깔별||컬러별;색상별|같은 상품을 색상별로 나누어 말하는 현장 표현.|이 셔츠는 깔별로 판매량이 달라 리오더 수량을 나눠요.|
낱장||낱장 주문;한 장 주문|묶음이나 일정 수량이 아닌 상품 한 장 단위의 주문·거래를 뜻하는 말.|신규 거래처에 낱장 주문이 가능한지 확인해요.|
합포||합배송 포장;합포장|여러 상품이나 주문 건을 하나의 포장으로 합쳐 발송하는 것.|합포 가능한 주문을 묶되 수취인과 출고일을 확인해요.|
맞바꿈||불량 맞교환;맞교환|불량품 등을 회수하면서 교환품을 함께 주고받는 방식.|불량 맞바꿈 건은 수량과 품번을 장끼에 표시해요.|
박다||미싱 박다;박음질하다|재봉틀로 원단을 봉제한다는 현장 표현.|주머니 위치를 확인한 뒤 상침을 박아 주세요.|
뜯다||봉제 뜯다;실밥 뜯다|수정 등을 위해 기존 봉제선의 실을 풀어 해체한다는 말.|핏 수정을 위해 옆선을 뜯기 전에 시접 여유를 확인해요.|
# film|촬영·편집 현장 말
핀 나가다||핀이 나가다;핀 나감;아웃포커스 오류|의도한 피사체에 초점이 맞지 않은 상태를 말한다.|중요 대사 컷의 눈에 핀이 나가서 다시 촬영했어요.|
핀 맞다||핀이 맞다;핀 맞추다|의도한 피사체에 초점이 정확히 맞는 상태를 말한다.|배우가 멈추는 위치에서 눈에 핀이 맞는지 확대해 확인해요.|
프레임 튀다||프레임이 튀다;프레임 점프|프레임 누락·중복이나 편집 연결 문제 등으로 화면 움직임이 순간적으로 끊겨 보인다는 표현.|납품본에서 프레임이 튀는 구간을 원본과 비교해요.|
소리 물리다||소리를 물리다;오디오 겹치다|앞뒤 컷의 오디오를 겹치거나 연결해 장면 전환을 자연스럽게 만든다는 말.|다음 장면의 소리를 먼저 물려 전환을 부드럽게 해요.|
컷 쪼개다||컷을 쪼개다|한 구간을 여러 짧은 컷으로 나눠 편집한다는 표현.|정보가 많은 구간은 컷을 쪼개되 의미가 끊기지 않게 해요.|
# design|디자인 현장 말
텍스트 깨다||글자 깨다;폰트 깨다;서체 깨다|텍스트를 글자 편집이 가능한 상태에서 벡터 윤곽선 형태로 바꾼다는 말.|인쇄용 파일은 폰트 사용 조건을 확인하고 필요한 텍스트를 깨서 전달해요.|
패스 따다||패스를 따다;윤곽 따다|대상의 외곽을 따라 벡터 경로를 그린다는 표현.|로고 이미지의 윤곽을 패스로 딴 뒤 곡선을 다듬어요.|
톤 맞추다||톤을 맞추다|색감·대비·이미지 분위기 등을 전체 시각 방향에 맞게 조정한다는 표현.|서로 다른 촬영일의 제품 사진 톤을 맞춰요.|
앉히다||로고 앉히다;이미지 앉히다|로고·글자·이미지 등을 레이아웃의 적절한 위치에 배치한다는 말.|상단 여백을 확보한 뒤 로고를 앉혀 주세요.|
시안 뽑다||시안을 뽑다|검토할 수 있는 디자인 안을 만들거나 출력한다는 표현.|세로형 매체에 맞는 시안을 먼저 뽑아 봐요.|
깨진 링크||링크 깨지다;이미지 링크 누락|편집 파일에서 참조하는 이미지 등 외부 파일을 찾지 못하는 상태.|인쇄소 전달 전 깨진 링크가 없는지 패키징 파일을 확인해요.|
최종최종||최종의 최종;진짜 최종|최종이라고 부른 뒤에도 수정본이 계속 생기는 상황을 자조적으로 부르는 말.|최종최종 파일 대신 승인 날짜와 버전 번호로 납품본을 구분해요.|
# common|업무 현장 말
갈아엎다||갈아 엎다;전면 수정|기존 안이나 작업을 크게 버리고 방향·구조부터 다시 만든다는 비공식 표현.|요구사항이 바뀌어 기존 계획을 갈아엎기 전에 영향부터 확인해요.|
핸들링|Handling|핸들링하다|업무나 관계자를 맡아 진행 상황을 관리하고 조율한다는 말.|거래처 문의는 지정 담당자가 핸들링해요.|
드라이브 걸다||드라이브를 걸다|일의 추진 속도와 집중도를 높인다는 비유적 표현.|마감이 가까워져 우선순위가 높은 과제에 드라이브를 걸어요.|
케바케|Case by Case|케이스 바이 케이스;케이스바이케이스|일률적으로 판단하기보다 상황이나 사례마다 다르다는 뜻의 줄임말.|계약 조건은 케바케라 기존 사례만 보고 확정하지 않아요.|
사바사||사람 바이 사람|사람마다 선호·방식·반응이 다르다는 뜻의 비공식 줄임말.|보고 방식은 사바사라는 말로 넘기지 말고 팀 기준을 정해요.|
공유방||업무 공유방;단톡방|업무 공지와 자료를 주고받기 위해 만든 단체 대화 공간을 부르는 말.|최종 자료는 공유방에만 두지 말고 공용 저장소에도 남겨요.|
짬처리||짬 처리|남은 일이나 곤란한 일을 다른 사람에게 떠넘긴다고 느낄 때 쓰는 비판적 표현.|반복되는 짬처리라는 불만이 생겨 업무 분장을 다시 논의했어요.|
터치하다||터치;손보다|기존 작업의 일부를 수정하거나 관여한다는 구어적 표현.|승인된 부분을 터치할 때는 변경 사유를 기록해요.|
# hrfinance|기업재무·사업 지표
IR|Investor Relations|아이알;투자자 관계|투자자 등에게 기업의 실적·전략·재무 정보를 설명하고 소통하는 활동.|IR 자료의 조정 지표를 공시 수치와 연결해 설명해요.|
밸류에이션|Valuation|밸류;가치평가;기업 가치평가|기업이나 자산의 경제적 가치를 정한 방법과 가정으로 추정하는 작업.|밸류에이션에 사용한 비교 기업과 할인율을 명시해요.|
멀티플|Valuation Multiple|멀티풀;가치평가 배수|이익·매출 등의 지표에 대한 기업가치·지분가치의 배수.|비교 회사 멀티플을 볼 때 지표의 산정 기간을 통일해요.|
EV/EBITDA|Enterprise Value to EBITDA|이브이 에비따;이브이 에비타|기업가치를 EBITDA로 나눈 가치평가 배수. 자본적지출과 운전자본 수요 등은 따로 고려해야 한다.|EV/EBITDA 비교에서 조정 EBITDA의 제외 항목을 맞춰요.|
듀딜리전스|Due Diligence|DD;듀딜;실사;기업 실사|투자·인수 등의 의사결정 전에 재무·법무·사업 등의 사실과 위험을 조사하는 과정.|듀딜리전스에서 주요 고객 매출과 현금 회수를 대조해요.|cov-sec
FDD|Financial Due Diligence|재무실사;재무 실사|인수·투자 대상의 실적·재무상태·현금흐름 등을 확인하는 실사.|FDD에서 정상적인 반복 이익과 일회성 항목을 구분해요.|
QoE|Quality of Earnings|이익의 질;퀄리티 오브 어닝스|이익의 지속 가능성·현금화·일회성 영향 등을 평가하는 실사·분석 관점.|QoE 분석에서 특수관계자 매출과 비경상 비용을 살펴요.|
MRR|Monthly Recurring Revenue|월 반복매출;월 정기매출|구독 등 반복적으로 발생하는 계약 매출을 월 기준으로 환산한 지표. 회계상 당월 매출과 다를 수 있다.|MRR 집계에서 일회성 구축비를 제외해요.|
ARR|Annual Recurring Revenue|연 반복매출;연간 반복매출|반복 계약 매출을 연간 기준으로 환산한 지표. 일회성 매출과 인식 시점을 구분한다.|ARR 증가를 신규 계약과 기존 고객 확장으로 나눠요.|
GRR|Gross Revenue Retention|총매출유지율|기존 고객의 기준 매출에서 이탈·축소를 반영하되 추가 판매는 제외해 유지된 비율을 보는 지표.|GRR과 신규 고객 매출을 구분해 기존 계약의 안정성을 봐요.|
NRR|Net Revenue Retention|순매출유지율;NDR|기존 고객의 기준 반복매출에 이탈·축소·확장 영향을 반영한 유지 비율. 신규 고객 매출은 제외한다.|NRR 개선이 가격 인상 때문인지 사용량 확대 때문인지 분석해요.|
유닛 이코노믹스|Unit Economics|단위 경제성|고객·주문 등 한 단위를 확보하고 서비스하는 데 드는 비용과 수익의 관계.|유닛 이코노믹스를 볼 때 공헌이익과 고객 획득비용의 범위를 맞춰요.|
# hrfinance|급여·경비·세무 실무
경비 정산|Expense Reimbursement|경비 처리;실비정산|업무를 위해 지출한 비용의 증빙과 규정을 확인해 지급·회계처리하는 업무.|출장 경비 정산 때 사용 목적과 영수증을 함께 제출해요.|
지출결의서|Expense Approval Form|지결서;지출 결의|비용 지급의 사유·금액·계정·증빙 등을 기재해 결재받는 문서.|지출결의서의 거래처와 지급 계좌를 확인해요.|
적요|Description|전표 적요|전표나 장부에서 거래 내용을 간단히 설명하는 기록란.|적요에 지급 대상 기간과 용역 내용을 적어요.|
복리후생비|Employee Welfare Expense|복후비|구성원의 복리후생을 위한 지출을 기록하는 비용 계정.|식대와 건강검진비를 회사 기준에 따라 복리후생비로 분류해요.|
여비교통비|Travel and Transportation Expense|여교비|업무 이동·출장에 드는 교통·숙박 등 비용을 회사 계정 기준에 따라 모은 항목.|해외 출장의 여비교통비를 환율과 증빙에 맞춰 정산해요.|
접대비|Business Entertainment Expense|기업업무추진비;업무추진비|사업 관계 유지를 위한 접대·교제 등의 지출을 부르는 회계·실무 표현. 세법상 명칭과 비용 범위는 별도로 확인한다.|접대비 정산에 참석자와 업무 목적을 기록해요.|
지급수수료|Service Fee Expense|수수료 비용|외부 서비스나 업무 처리의 대가로 지급하는 수수료를 기록하는 비용 항목.|결제대행 수수료와 자문료의 지급수수료 분류를 확인해요.|
예산 잔액|Remaining Budget|잔여 예산|배정된 예산에서 집행액 등을 뺀 남은 금액. 약정 비용을 차감하는지 기준을 확인한다.|예산 잔액이 있어도 미지급 발주액을 먼저 확인해요.|
수정신고|Amended Tax Return|세금 수정신고|기존 신고 내용의 세액 등을 바로잡기 위해 다시 신고하는 절차를 뜻하는 말.|신고 누락을 발견해 담당자와 수정신고 필요성을 검토해요.|
경정청구|Claim for Tax Correction|세금 경정청구|이미 신고·결정된 세액 등에 대해 정해진 사유로 감액·정정을 요청하는 절차.|과다 신고 여부를 확인한 뒤 경정청구 가능성을 검토해요.|
과세·비과세|Taxable and Non-taxable|비과세 급여;과세 급여|급여 항목 등이 세금 부과 대상인지 아닌지를 구분하는 표현. 항목 이름만으로 판단하지 않고 요건을 확인한다.|급여 항목의 과세·비과세 구분이 실제 지급 조건과 맞는지 점검해요.|
중도퇴사 정산|Payroll Settlement on Termination|중도퇴사자 정산|연중 퇴사자에 대해 급여·공제·세금 등 해당 항목을 정리하는 업무.|중도퇴사 정산에서 지급 완료분과 추가 지급분을 나눠요.|
# fashion|원단 가공·현장 말
합포 가공|Fabric Lamination|원단 합포;합포;본딩 원단|원단에 다른 원단이나 필름 등을 붙여 두께·형태·기능을 조정하는 가공. 상품을 한 포장에 묶는 물류의 합포와 구분한다.|가방의 형태를 잡기 위해 겉감에 보강 원단을 합포하고 접착 상태를 확인해요.|cov-lamination
